[
{"name": "Knorr Chatt Patta Noodles Family Pack 244gm", "price": "Rs.250.00", "url": "/collections/umart/products/knorr-chatt-patta-noodles-family-pack-264gm"},
{"name": "Lifebuoy Shampoo Herbal 175ml", "price": "Rs.303.00", "url": "/collections/umart/products/lifebuoy-shampoo-herbal-175ml"},
{"name": "Knorr Noodles Chicken Family Pack 244gm", "price": "Rs.243.00", "url": "/collections/umart/products/knorr-noodles-chicken-family-pack-264gm"},
{"name": "Sunsilk Black Shine 185ml Shampoo", "price": "Rs.374.00", "url": "/collections/umart/products/sunsilk-black-shine-185ml-shampoo"},
{"name": "Surf Excel Washing Powder 500g", "price": "Rs.269.00", "url": "/collections/umart/products/super-bachat-pack-surf-excel-500g"},
{"name": "Knorr Chicken Cube  18gm", "price": "Rs.63.00", "url": "/collections/umart/products/knorr-chicken-cube-18gm"},
{"name": "Glow & Lovely Advanced Multi Vitamin 25 gm", "price": "Rs.177.00", "url": "/collections/umart/products/fair-lovely-advanced-multi-vitamin-25-gm"},
{"name": "Knorr Pulao Cube  18gm", "price": "Rs.25.00", "url": "/collections/umart/products/knorr-pulao-cube-18gm"},
{"name": "Rafhan Strawberry Jelly 80 gm", "price": "Rs.143.00", "url": "/collections/umart/products/rafhan-strawberry-jelly-80-gm"},
{"name": "Lipton Yellow Label Black Tea 400 gm", "price": "Rs.1,105.00", "url": "/collections/umart/products/lipton-yellow-label-black-tea-475-gm"},
{"name": "Lux Rose & Vitamin-E Soap 128g", "price": "Rs.119.00", "url": "/collections/umart/products/lux-rose-vitamin-e-soap-140g"},
{"name": "Rafhan Vanilla Custard 275gm", "price": "Rs.171.00", "url": "/collections/umart/products/rafhan-vanilla-custard-275gm"},
{"name": "Knorr Noodles Chatt Patta 61gm", "price": "Rs.69.00", "url": "/collections/umart/products/knorr-noodles-chatt-patta-65gm"},
{"name": "Knorr Noodle Chicken  66 gm", "price": "Rs.67.00", "url": "/collections/umart/products/knorr-noodle-chicken-66-gm"},
{"name": "Glow & Lovely Men Max Fairness Instant Brightness Face Cream 25g", "price": "Rs.177.00", "url": "/collections/umart/products/glow-lovely-men-max-fairness-instant-brightness-face-cream-25g"},
{"name": "SUNSILK SHAMPOO LONG & HEALTHY 185ML", "price": "Rs.374.00", "url": "/collections/umart/products/sunsilk-shampoo-long-healthy-200ml-pk"},
{"name": "Rafhan Banana Jelly 80 gm", "price": "Rs.143.00", "url": "/collections/umart/products/rafhan-banana-jelly-80-gm"},
{"name": "Surf Excel Washing Powder  2 kg", "price": "Rs.1,020.00", "url": "/collections/umart/products/surf-excel-washing-powder-2-kg"},
{"name": "Knorr Noodles Blazin 132gm", "price": "Rs.174.00", "url": "/collections/umart/products/knorr-noodle-blazing-36x132g"},
{"name": "Glow & Lovely Advanced Multivitamin Fairness Cream Jar 70 gm", "price": "Rs.359.00", "url": "/collections/umart/products/fair-lovely-advanced-multivitamin-fairness-cream-jar-70-gm"},
{"name": "Lifebuoy Shampoo Herbal 90ML", "price": "Rs.134.00", "url": "/collections/umart/products/lifebuoy-shampoo-herbal-90ml"},
{"name": "Knorr Tomato Ketchup 800gm", "price": "Rs.380.00", "url": "/collections/umart/products/knorr-tomato-ketchup-800gm"},
{"name": "Sunsilk Black Shine Shampoo 360 ml", "price": "Rs.648.00", "url": "/collections/umart/products/sunsilk-black-shine-shampoo-380-ml"},
{"name": "Rafhan Strawberry Custard 275gm", "price": "Rs.171.00", "url": "/collections/umart/products/rafhan-strawberry-custard-275gm-2"},
{"name": "Slice Mango Juice 200ml x 24pcs Case", "price": "Rs.972.00", "url": "/collections/pepsico/products/slice-mango-juice-200ml-x-24pcs-case"},
{"name": "7up Soft Drink Pet Bottle 345ml 12 Pcs Carton Pack", "price": "Rs.648.00", "url": "/collections/pepsico/products/7up-soft-drink-pet-bottle-345ml-12-pcs-carton-pack"},
{"name": "Pepsi Soft Drink Pet Bottle 345ml 12 Pcs Carton Pack", "price": "Rs.648.00", "url": "/collections/pepsico/products/pepsi-soft-drink-pet-bottle-345ml-12-pcs-carton-pack"},
{"name": "Lays French Cheese Rs 20", "price": "Rs.18.00", "url": "/collections/pepsico/products/lays-french-cheese-27-gm"},
{"name": "Lays Salted Potato Chips Rs 20", "price": "Rs.18.00", "url": "/collections/pepsico/products/lays-salted-potato-chips-26-gm"},
{"name": "Mirinda Soft Drink Pet Bottle 345ml 12 Pcs Carton Pack", "price": "Rs.648.00", "url": "/collections/pepsico/products/mirinda-soft-drink-pet-bottle-345ml-12-pcs-carton-pack"},
{"name": "Mountain Dew Soft Drink Pet Bottle 345ml 12 Pcs Carton", "price": "Rs.648.00", "url": "/collections/pepsico/products/mountain-dew-soft-drink-pet-bottle-300-ml-12-pcs-carton"},
{"name": "Lays Wavy BBQ Rs 30", "price": "Rs.27.00", "url": "/collections/pepsico/products/lays-wavy-bbq-35gm"},
{"name": "Lays Masala Chips Rs 20", "price": "Rs.18.00", "url": "/collections/pepsico/products/lays-masala-chips-26gm-1"},
{"name": "Lays Paprika Chips 14gm", "price": "Rs.18.00", "url": "/collections/pepsico/products/lays-paprika-chips-12gm"},
{"name": "Sting Berry Blast Pet Bottle 300 ml 12-Pcs Pack", "price": "Rs.750.00", "url": "/collections/pepsico/products/sting-berry-blast-can-345-ml-12-pcs-pack"},
{"name": "Lays Paprika Chips Rs 30", "price": "Rs.27.00", "url": "/collections/pepsico/products/lays-paprika-chips-25gm"},
{"name": "Lays Yogurt & Herbs Chips 23gm", "price": "Rs.27.00", "url": "/collections/pepsico/products/lays-yogurt-herbs-chips-42gm"},
{"name": "Lays Wavy BBQ Chips Rs 60", "price": "Rs.54.00", "url": "/collections/pepsico/products/lays-wavy-bbq-chips-64gm"},
{"name": "Lays French Cheese Chips Rs 30", "price": "Rs.27.00", "url": "/collections/pepsico/products/lays-french-cheese-chips-39gm"},
{"name": "Lays Salt Chips 35gm", "price": "Rs.27.00", "url": "/collections/pepsico/products/lays-salt-chips-40-gm"},
{"name": "Lays Masala Chips Rs 30", "price": "Rs.27.00", "url": "/collections/pepsico/products/lays-masala-chips-39gm"},
{"name": "Slice Mango Juice 200 ml", "price": "Rs.40.00", "url": "/collections/pepsico/products/slice-mango-juice-200-ml-v"},
{"name": "Pepsi 1.5 Litre x 6pcs Case", "price": "Rs.972.00", "url": "/collections/pepsico/products/pepsi-1-5-litre-x-6pcs-case"},
{"name": "Lays Paprika Chips Rs 40", "price": "Rs.36.00", "url": "/collections/pepsico/products/lays-paprika-chips-37gm"},
{"name": "7up Pet Bottle 345 ml", "price": "Rs.54.00", "url": "/collections/pepsico/products/7up-pet-bottle-345-ml"},
{"name": "Pepsi Soft Drink  Bottles 2.25 Litre 4-Pcs Case", "price": "Rs.864.00", "url": "/collections/pepsico/products/pepsi-soft-drink-bottles-2-25-litre-4-pcs-case"},
{"name": "Pepsi Pet Bottles 2.25 litre", "price": "Rs.216.00", "url": "/collections/pepsico/products/pepsi-pet-bottles-2-25-litre"},
{"name": "Pepsi Pet Bottles 500 ml 12-Pcs Case", "price": "Rs.972.00", "url": "/collections/pepsico/products/pepsi-pet-bottles-500-ml-12-pcs-case"},
{"name": "Lays Yougurt & Herb Chips 47 gm", "price": "Rs.54.00", "url": "/collections/pepsico/products/lays-yougurt-herb-chips-42-gm"},
{"name": "Slice Mango Juice 1 Litre", "price": "Rs.135.00", "url": "/collections/pepsico/products/slice-mango-juice-1-litre"},
{"name": "Mirinda Pet Bottles 345 ml", "price": "Rs.54.00", "url": "/collections/pepsico/products/mirinda-pet-bottles-345-ml"},
{"name": "Sting Berry Blast Pet Bottle 300 ml", "price": "Rs.62.00", "url": "/collections/pepsico/products/sting-berry-blast-can-345-ml"},
{"name": "Slice Mango Juice 1 litre 6-Pcs Case", "price": "Rs.810.00", "url": "/collections/pepsico/products/slice-mango-juice-1-litre-6-pcs-case"},
{"name": "Lays French Cheese Chips Rs 60", "price": "Rs.54.00", "url": "/collections/pepsico/products/lays-french-cheese-chips-70-gm"},
{"name": "Lays Paprika Chips Rs 60", "price": "Rs.54.00", "url": "/collections/pepsico/products/lays-paprika-chips-65gm"},
{"name": "Sting Berry Blast Pet Bottle 500 ml", "price": "Rs.97.00", "url": "/collections/pepsico/products/sting-berry-blast-pet-bottle-500-ml"},
{"name": "Mirinda Pet Bottles  2.25 litre", "price": "Rs.216.00", "url": "/collections/pepsico/products/mirinda-pet-bottles-2-25-litre"},
{"name": "Mountain Dew Soft Drink  Bottles 2.25 Litre 4-Pcs Case", "price": "Rs.864.00", "url": "/collections/pepsico/products/mountain-dew-soft-drink-bottles-2-25-litre-4-pcs-case"},
{"name": "Lays Salt Chips 47gm", "price": "Rs.54.00", "url": "/collections/pepsico/products/lays-salt-chips-70-gm"},
{"name": "Lays Masala Chips Rs 60", "price": "Rs.54.00", "url": "/collections/pepsico/products/lays-masala-chips-70-gm"},
{"name": "Lays Yougurt & Herb Chips 53 Gms", "price": "Rs.36.00", "url": "/collections/pepsico/products/lays-yougurt-herb-chips-53-gms"},
{"name": "Lays French Cheese Chips Rs 40", "price": "Rs.36.00", "url": "/collections/pepsico/products/lays-french-cheese-chips-53-gms"},
{"name": "Mirinda Soft Drink Bottles 2.25 Litre 4-Pcs Case", "price": "Rs.864.00", "url": "/collections/pepsico/products/mirinda-soft-drink-bottles-2-25-litre-4-pcs-case"},
{"name": "Mountain Dew Pet Bottles 1.5 Litre", "price": "Rs.162.00", "url": "/collections/pepsico/products/mountain-dew-pet-bottles-1-5-litre"},
{"name": "Safeguard Floral Scent Soap Trio Pack 110 gm", "price": "Rs.391.00", "url": "/collections/procter-gamble/products/safeguard-floral-scent-soap-trio-pack-110-gm"},
{"name": "Safeguard Bar Soap Lavender Oil 103gm", "price": "Rs.107.00", "url": "/collections/procter-gamble/products/safeguard-bar-soap-lavender-oil-103gm"},
{"name": "Ariel Machine Expert 400gm", "price": "Rs.328.00", "url": "/collections/procter-gamble/products/ariel-machine-expert-500gm"},
{"name": "Pantene Anti Hair Fall Conditioner 180ml", "price": "Rs.323.00", "url": "/collections/procter-gamble/products/pantene-anti-hair-fall-conditioner-185ml-2"},
{"name": "Safeguard Lemon Soap 135 gm", "price": "Rs.153.00", "url": "/collections/procter-gamble/products/safeguard-lemon-soap-145-gm"},
{"name": "Always Ultra Thin 3 in 1 Extra Long 7 Pads", "price": "<span class=\"price\">\n              <span class=\"visually-hidden\">Sale priceRs.319.00", "url": "/collections/procter-gamble/products/always-ultra-thin-3-in-1-extra-long-7-pads"},
{"name": "Ariel Machine Expert 2kg", "price": "Rs.1,593.00", "url": "/collections/procter-gamble/products/ariel-machine-expert-2kg"},
{"name": "Always Feather Soft 2 in 1 Maxi Thick Long 26 Pads", "price": "<span class=\"price\">\n              <span class=\"visually-hidden\">Sale priceRs.1,107.00", "url": "/collections/procter-gamble/products/always-feather-soft-2-in-1-maxi-thick-long-26-pads"},
{"name": "Always DreamZzz Maxi Thick Extra Long 8 Pads", "price": "<span class=\"price\">\n              <span class=\"visually-hidden\">Sale priceRs.319.00", "url": "/collections/procter-gamble/products/always-diamonds-ultra-thin-sanitary-pads-long-value-pack-of-2"},
{"name": "Gillette Fusion Proglide Flexball Razor 1up Pack of 1", "price": "Rs.2,487.00", "url": "/collections/procter-gamble/products/gillette-fusion-proglide-flexball-razor-1up-pack-of-1"},
{"name": "Safeguard Liquid Hand Wash Lemon Fresh  200 ml", "price": "Rs.170.00", "url": "/collections/procter-gamble/products/safeguard-liquid-hand-wash-lemon-fresh-225-ml"},
{"name": "Always Maxi Thick 3 in 1 Long 9 Pads", "price": "Rs.320.00", "url": "/collections/procter-gamble/products/always-s5-maxi-thick-long-9s"},
{"name": "National Iodized Salt 800 gm", "price": "<span class=\"price\">\n              <span class=\"visually-hidden\">Sale priceRs.68.00", "url": "/collections/national-foods/products/national-iodized-salt-800-gm"},
{"name": "National Tomato Ketchup 800 Gm", "price": "<span class=\"price\">\n              <span class=\"visually-hidden\">Sale priceRs.379.00", "url": "/collections/national-foods/products/national-tomato-ketchup-950-gm"},
{"name": "National Chilli Garlic Sauce 800 Gm", "price": "<span class=\"price\">\n              <span class=\"visually-hidden\">Sale priceRs.389.00", "url": "/collections/national-foods/products/national-chilli-garlic-sauce-950-gm"},
{"name": "National Chat Masala 50gm", "price": "Rs.54.00", "url": "/collections/national-foods/products/national-chat-masala-50gm"},
{"name": "National Murghi Masala Mix D/P 86gm", "price": "Rs.152.00", "url": "/collections/national-foods/products/national-murghi-masala-mix-d-p-100gm"},
{"name": "National Strawberry Bliss Chunky Jam 385gm", "price": "Rs.325.00", "url": "/collections/national-foods/products/national-strawberry-bliss-chunky-jam-385gm"},
{"name": "NATIONAL TOMATO KETCHUP 235G", "price": "Rs.68.00", "url": "/collections/national-foods/products/national-tomato-ketchup-235g"},
{"name": "National Tomato Ketchup 100 Gm", "price": "Rs.25.00", "url": "/collections/national-foods/products/national-tomato-ketchup-100-gm-1"},
{"name": "National Iodized Refined Salt 800 gm", "price": "Rs.36.00", "url": "/collections/national-foods/products/national-iodized-refined-salt-800-gm"},
{"name": "National Garlic Mayo Pouch 1Kg", "price": "<span class=\"price\">\n              <span class=\"visually-hidden\">Sale priceRs.300.00", "url": "/collections/national-foods/products/national-garlic-mayo-pouch-1kg"},
{"name": "National Tomato Ketchup 400 Gm", "price": "<span class=\"price\">\n              <span class=\"visually-hidden\">Sale priceRs.173.00", "url": "/collections/national-foods/products/national-tomato-ketchup-475-gm"},
{"name": "National Chilli Garlic Sauce 225gm", "price": "Rs.83.00", "url": "/collections/national-foods/products/national-chilli-garlic-sauce-235gm-1"},
{"name": "National Mixed Pickle Pouch 1kg", "price": "Rs.256.00", "url": "/collections/national-foods/products/national-mixed-pickle-pouch-1kg"},
{"name": "National Corn Flour 300gm", "price": "Rs.82.00", "url": "/collections/national-foods/products/national-corn-flour-300gm"},
{"name": "NATIONAL BOMBAY BIRYANI MASALA 55 GM", "price": "Rs.80.00", "url": "/collections/national-foods/products/national-bombay-biryani-masala-50-gm"},
{"name": "National Chilli Garlic Sauce 400 Gm", "price": "Rs.172.00", "url": "/collections/national-foods/products/national-chilli-garlic-sauce-475-gm"},
{"name": "NATIONAL KORMA MASALA 50GM", "price": "Rs.76.00", "url": "/collections/national-foods/products/national-korma-masala-50gm"},
{"name": "Colgate Sensitive Pro-Relief Original Toothpaste 100g", "price": "Rs.130.00", "url": "/collections/colgate-palmolive/products/colgate-sensitive-pro-relief-original-toothpaste-100g"},
{"name": "Buy 2 Colgate Sensitive Pro-Relief Original Toothpaste 100g Get 1 Free", "price": "Rs.520.00", "url": "/collections/colgate-palmolive/products/buy-2-colgate-sensitive-pro-relief-original-toothpaste-100g-get-1-free"},
{"name": "Colgate Maximum Cavity Protection Toothpaste 150g", "price": "Rs.247.00", "url": "/collections/colgate-palmolive/products/colgate-maximum-cavity-protection-toothpaste-150g"},
{"name": "Colgate Classic Clean Tooth Brush  Medium 1 pcs", "price": "Rs.69.00", "url": "/collections/colgate-palmolive/products/colgate-classic-clean-tooth-brush-medium-1-pcs"},
{"name": "Max Lemon Dishwash Paste Green Jar 400gm", "price": "Rs.232.00", "url": "/collections/colgate-palmolive/products/max-lemon-dishwash-paste-green-jar-400gm"},
{"name": "Bonus Active Washing Detergent 770gm", "price": "Rs.211.00", "url": "/collections/colgate-palmolive/products/bonus-active-washing-detergent-750gm-1"},
{"name": "Colgate Classic Clean Tooth Brush  Soft 1 Piece", "price": "Rs.69.00", "url": "/collections/colgate-palmolive/products/colgate-classic-clean-tooth-brush-soft-1-piece"},
{"name": "Brite Maximum Power Washing Powder 1 kg", "price": "Rs.514.00", "url": "/collections/colgate-palmolive/products/brite-maximum-power-washing-powder-1-kg"},
{"name": "Lemon Max Dishwashing Paste Yellow 200 gm", "price": "Rs.139.00", "url": "/collections/colgate-palmolive/products/lemon-max-dishwashing-paste-yellow-200-gm"},
{"name": "Express Power Washing Powder 1KG", "price": "Rs.411.00", "url": "/collections/colgate-palmolive/products/express-power-washing-powder-1kg-1"},
{"name": "Brite Maximum Power Washing Powder 500G", "price": "Rs.263.00", "url": "/collections/colgate-palmolive/products/brite-maximum-power-washing-powder-500g"},
{"name": "Bonus Tristar Washing Powder 1000 gm", "price": "Rs.218.00", "url": "/collections/colgate-palmolive/products/bonus-tristar-washing-powder-950-gm"},
{"name": "Clear Shampoo Complete Clean 185ml Pack of 3 & Save Rs. 110", "price": "Rs.820.00", "url": "/collections/bundles-discount-offers/products/clear-shampoo-complete-clean-185ml-pack-of-3-save-rs-110"},
{"name": "Buy 2 Colgate Sensitive Pro-Relief Original Toothpaste 100g Get 1 Free", "price": "Rs.520.00", "url": "/collections/bundles-discount-offers/products/buy-2-colgate-sensitive-pro-relief-original-toothpaste-100g-get-1-free"},
{"name": "Safeguard Bar Soap Lemon Fresh 175gm (Bundle of 3)", "price": "Rs.538.00", "url": "/collections/bundles-discount-offers/products/safeguard-bar-soap-lemon-fresh-175gm-bundle-of-4"},
{"name": "Safeguard Lemon Fresh Soap 103gm Pack Of 3", "price": "Rs.373.00", "url": "/collections/bundles-discount-offers/products/safeguard-lemon-fresh-soap-95gm-pack-of-3"},
{"name": "Safeguard Bar Soap Pure White 125gm (Bundle of 3)", "price": "Rs.445.00", "url": "/collections/bundles-discount-offers/products/safeguard-bar-soap-pure-white-135gm-bundle-of-3"},
{"name": "Safeguard Pure White Soap 110gm Pack Of 3", "price": "Rs.391.00", "url": "/collections/bundles-discount-offers/products/safeguard-pure-white-soap-110gm-pack-of-3"},
{"name": "Mirinda Can 250ml 12-Pcs Case", "price": "Rs.864.00", "url": "/collections/bundles-discount-offers/products/mirinda-can-250ml-12-pcs-case-with-free-dominos-voucher"},
{"name": "Sting Berry Blast Pet Bottle 300 ml 12-Pcs Pack", "price": "Rs.750.00", "url": "/collections/bundles-discount-offers/products/sting-berry-blast-can-345-ml-12-pcs-pack"},
{"name": "Sting Berry Blast Can 250 ml 12-Pcs Case", "price": "Rs.960.00", "url": "/collections/bundles-discount-offers/products/sting-berry-blast-can-250-ml-12-pcs-case"},
{"name": "Safeguard Bar Soap Lemon 125gm (Bundle of 3)", "price": "Rs.445.00", "url": "/collections/bundles-discount-offers/products/safeguard-bar-soap-lemon-135gm-bundle-of-4"},
{"name": "Safeguard Bar Soap Lavender Oil 175gm ( Pack of 3 )", "price": "Rs.538.00", "url": "/collections/bundles-discount-offers/products/safeguard-bar-soap-lavender-oil-175gm-pack-of-3"},
{"name": "Safeguard Bar Soap Lavender Oil 125gm ( Pack of 3 )", "price": "Rs.445.00", "url": "/collections/bundles-discount-offers/products/safeguard-bar-soap-lavender-oil-135gm-pack-of-3"},
{"name": "Mirinda Pet Bottles 500 ml 12 Pcs", "price": "Rs.972.00", "url": "/collections/bundles-discount-offers/products/mirinda-pet-bottles-500-ml-12-pcs-with-free-dominos-voucher"},
{"name": "Mirinda Soft Drink Pet Bottle 345ml 12 Pcs Carton Pack", "price": "Rs.648.00", "url": "/collections/bundles-discount-offers/products/mirinda-soft-drink-pet-bottle-345ml-12-pcs-carton-pack"},
{"name": "Mountain Dew Soft Drink Can 250ml 12-Pcs Case", "price": "Rs.864.00", "url": "/collections/bundles-discount-offers/products/mountain-dew-soft-drink-can-250ml-12-pcs-case-with-free-dominos-voucher"},
{"name": "Lux Rose & Vitamin-E 100Gm Pack of 6 & Save  Rs. 60", "price": "Rs.599.00", "url": "/collections/bundles-discount-offers/products/lux-rose-vitamin-e-100gm-pack-of-6-save-rs-rs-70"},
{"name": "Pepsi Soft Drink Can 250ml 12-Pcs Case", "price": "Rs.864.00", "url": "/collections/bundles-discount-offers/products/pepsi-soft-drink-can-250ml-12-pcs-case"},
{"name": "Knorr Chatt Patta Noodles Family Pack 244gm", "price": "Rs.250.00", "url": "/collections/bundles-discount-offers/products/knorr-chatt-patta-noodles-family-pack-264gm"},
{"name": "Shield Pack of 2 Mega Bachat Pack Small 70Pc", "price": "Rs.3,504.00", "url": "/collections/bundles-discount-offers/products/shield-pack-of-2-mega-bachat-pack-small-70pc-1"},
{"name": "Shield Pack of 4 Mega Bachat Pack Small 70Pc", "price": "Rs.7,008.00", "url": "/collections/bundles-discount-offers/products/shield-pack-of-4-mega-bachat-pack-small-70pc"},
{"name": "Mountain Dew Soft Drink Pet Bottle 345ml 12 Pcs Carton", "price": "Rs.648.00", "url": "/collections/bundles-discount-offers/products/mountain-dew-soft-drink-pet-bottle-300-ml-12-pcs-carton"},
{"name": "Slice Mango Juice 200ml x 24pcs Case", "price": "Rs.972.00", "url": "/collections/bundles-discount-offers/products/slice-mango-juice-200ml-x-24pcs-case"},
{"name": "Shan Garlic Paste 310 gm", "price": "Rs.360.00", "url": "/collections/shan-foods/products/shan-garlic-paste-310-gm"},
{"name": "Shan Mix Pickle  325 gm", "price": "Rs.220.00", "url": "/collections/shan-foods/products/shan-mix-pickle-400-gm"},
{"name": "SHAN BIRYANI COOKING SAUCE 350GM", "price": "Rs.239.00", "url": "/collections/shan-foods/products/shan-biryani-cooking-sauce-350gm"},
{"name": "Shan Special Kheer Mix - Badaam 150 gm", "price": "Rs.120.00", "url": "/collections/shan-foods/products/shan-special-kheer-mix-badaam-150-gm"},
{"name": "Shan Mango Pickle 320 gm", "price": "Rs.228.00", "url": "/collections/shan-foods/products/shan-mango-pickle-320-gm"},
{"name": "Shan Shoop Chattpata Noodles 31.5 GM", "price": "Rs.30.00", "url": "/collections/shan-foods/products/shan-shoop-chattpata-noodles-31-5-gm"},
{"name": "Shan Sindhi Biryani Masala 55 Gm", "price": "Rs.100.00", "url": "/collections/shan-foods/products/shan-sindhi-biryani-masala-55-gm"},
{"name": "Shan Korma Masala  50 gm", "price": "Rs.100.00", "url": "/collections/shan-foods/products/shan-korma-masala-50-gm"},
{"name": "Shan White Korma Masala  40 gm", "price": "Rs.100.00", "url": "/collections/shan-foods/products/shan-white-korma-masala-50-gm"},
{"name": "Shan Tandoori Masala  100 gm", "price": "Rs.184.00", "url": "/collections/shan-foods/products/shan-tandoori-masala-100-gm"},
{"name": "Shan Chicken Masala  50 gm", "price": "Rs.96.00", "url": "/collections/shan-foods/products/shan-chicken-masala-50-gm"},
{"name": "Shan Achar Gosht Masala 50 gm", "price": "Rs.100.00", "url": "/collections/shan-foods/products/shan-achar-gosht-masala-50-gm"},
{"name": "Tapal Family Mixture  900 gm Pouch", "price": "Rs.1,699.00", "url": "/collections/tapal/products/tapal-family-mixture-950-gm-pouch"},
{"name": "Tapal Danedar Tea 900 gm", "price": "Rs.1,699.00", "url": "/collections/tapal/products/tapal-danedar-tea-950-gm"},
{"name": "Tapal Family Mixture  170 gm", "price": "Rs.372.00", "url": "/collections/tapal/products/tapal-family-mixture-190-gm"},
{"name": "Tapal Danedar Tea Bags 25s Tea Bags", "price": "Rs.198.00", "url": "/collections/tapal/products/tapal-danedar-tea-bags-25s-tea-bags"},
{"name": "Bake Parlor Tikkah Macaroni 250 gm", "price": "<span class=\"price\">\n              <span class=\"visually-hidden\">Sale priceRs.130.00", "url": "/collections/bake-parlour/products/bake-parlor-tikkah-macaroni-250-gm"},
{"name": "Bake Parlor Fancy Macroni Big Elbow 400 gm", "price": "<span class=\"price\">\n              <span class=\"visually-hidden\">Sale priceRs.179.00", "url": "/collections/bake-parlour/products/bake-parlor-fancy-macroni-big-elbow-400-gm"},
{"name": "Bake Parlor U Shape Vermicelli 150 gm", "price": "<span class=\"price\">\n              <span class=\"visually-hidden\">Sale priceRs.55.00", "url": "/collections/bake-parlour/products/bake-parlor-u-shape-vermicelli-150-gm"},
{"name": "Bake Parlor Fancy Macroni Shell 400 gm", "price": "<span class=\"price\">\n              <span class=\"visually-hidden\">Sale priceRs.180.00", "url": "/collections/bake-parlour/products/bake-parlor-fancy-macroni-shell-400-gm"},
{"name": "Bake Parlor Fancy Macaroni Fusilli 400 gm", "price": "<span class=\"price\">\n              <span class=\"visually-hidden\">Sale priceRs.180.00", "url": "/collections/bake-parlour/products/bake-parlor-fancy-macaroni-fusilli-400-gm"},
{"name": "Bake Parlor Fancy Spaghetti 500 gm", "price": "<span class=\"price\">\n              <span class=\"visually-hidden\">Sale priceRs.229.00", "url": "/collections/bake-parlour/products/bake-parlor-fancy-spaghetti-500-gm"},
{"name": "Bake Parlor Cajun Spaghetti 250 gm", "price": "<span class=\"price\">\n              <span class=\"visually-hidden\">Sale priceRs.125.00", "url": "/collections/bake-parlour/products/bake-parlor-cajun-spaghetti-250-gm"},
{"name": "Bake Parlor Jalfrezi Macaroni 250 gm", "price": "<span class=\"price\">\n              <span class=\"visually-hidden\">Sale priceRs.183.00", "url": "/collections/bake-parlour/products/bake-parlor-jalfrezi-macaroni-250-gm"},
{"name": "Bake Parlor Shashlik Macaroni 250 gm", "price": "<span class=\"price\">\n              <span class=\"visually-hidden\">Sale priceRs.130.00", "url": "/collections/bake-parlour/products/bake-parlor-shashlik-macaroni-250-gm"},
{"name": "Bake Parlor Chicken Manchurian 250 gm", "price": "<span class=\"price\">\n              <span class=\"visually-hidden\">Sale priceRs.130.00", "url": "/collections/bake-parlour/products/bake-parlor-chicken-manchurian-250-gm"},
{"name": "Bake Parlor Lush Pash Vermicelli 150 GM", "price": "Rs.40.00", "url": "/collections/bake-parlour/products/bake-parlor-lush-pash-vermicelli-150-gm"},
{"name": "Bake Parlor Chicken Chowmein 250 gm", "price": "<span class=\"price\">\n              <span class=\"visually-hidden\">Sale priceRs.130.00", "url": "/collections/bake-parlour/products/bake-parlor-chicken-chowmein-250-gm"},
{"name": "Love beauty And planet shampoo 400mL", "price": "Rs.1,620.00", "url": "/collections/all/products/love-beauty-and-planet-shampoo-400ml"},
{"name": "Shield Baby Diaper Super Bachat Pack Size New Born (Upto 5 KG) 50 Count", "price": "Rs.1,248.00", "url": "/collections/all/products/shield-baby-diaper-super-bachat-pack-size-new-born-upto-5-kg-50-count"},
{"name": "Erli Plus  5/500mg Tablet Box", "price": "<span class=\"price\">\n              <span class=\"visually-hidden\">Sale priceRs.170.00", "url": "/collections/all/products/erli-plus-5-500mg-tablet-box"},
{"name": "Erli Plus  5/850mg Tablet", "price": "<span class=\"price\">\n              <span class=\"visually-hidden\">Sale priceRs.170.00", "url": "/collections/all/products/erli-plus-5-850mg-tablet"},
{"name": "Himalaya Detoxifying Charcoal  Face Wash 100ml", "price": "<span class=\"price\">\n              <span class=\"visually-hidden\">Sale priceRs.504.00", "url": "/collections/all/products/himalaya-detoxifying-charcoal-face-wash-100ml"},
{"name": "Himalaya Detoxifying Charcoal  Face Wash 50ml", "price": "<span class=\"price\">\n              <span class=\"visually-hidden\">Sale priceRs.301.00", "url": "/collections/all/products/himalaya-detoxifying-charcoal-face-wash-50ml"},
{"name": "Himalaya Detoxifying Charcoal  Face Wash 150ml", "price": "<span class=\"price\">\n              <span class=\"visually-hidden\">Sale priceRs.612.00", "url": "/collections/all/products/himalaya-detoxifying-charcoal-face-wash-150ml"},
{"name": "Himalaya Purifying Neem Face Mask 75ml", "price": "<span class=\"price\">\n              <span class=\"visually-hidden\">Sale priceRs.450.00", "url": "/collections/all/products/himalaya-purifying-neem-face-wash-75ml"},
{"name": "Himalaya Purifying Neem & Tea Tree Sheet Face Mask 30ml", "price": "<span class=\"price\">\n              <span class=\"visually-hidden\">Sale priceRs.540.00", "url": "/collections/all/products/himalaya-purifying-neem-tea-tree-sheet-face-mask-30ml"},
{"name": "Eglaro-S 15/100mg Tablet", "price": "<span class=\"price\">\n              <span class=\"visually-hidden\">Sale priceRs.567.00", "url": "/collections/all/products/eglaro-s-15-100mg-tablet"},
{"name": "OPT-D Oral/lm Ampoule 200,000 IU", "price": "<span class=\"price\">\n              <span class=\"visually-hidden\">Sale priceRs.140.00", "url": "/collections/all/products/opt-d-oral-lm-ampoule-200-000-iu"},
{"name": "Zilfom 400mg", "price": "<span class=\"price\">\n              <span class=\"visually-hidden\">Sale priceRs.475.00", "url": "/collections/all/products/zilfom-400mg"},
{"name": "Omron M1 Basic", "price": "Rs.10,800.00", "url": "/collections/all/products/omron-m1-basic-1"},
{"name": "OMRON ECO TEMP BASIC", "price": "Rs.2,057.00", "url": "/collections/all/products/omron-eco-temp-basic"},
{"name": "OMRON BPM-M7 INTELLI IT (UA)", "price": "Rs.29,817.00", "url": "/collections/all/products/omron-bpm-m7-intelli-it-ua"},
{"name": "OMRON BPM-M3 Comfort", "price": "Rs.23,648.00", "url": "/collections/all/products/omron-bpm-m3-comfort"},
{"name": "Evocheck Infrared Thermometer", "price": "Rs.8,500.00", "url": "/collections/all/products/evocheck-infrared-thermometer-1"},
{"name": "Evocheck Pulse Oximeter", "price": "Rs.4,972.00", "url": "/collections/all/products/evocheck-pulse-oximeter"},
{"name": "Evocheck GO Blood Glucose Test Strips", "price": "Rs.1,381.00", "url": "/collections/all/products/evocheck-go-blood-glucose-test-strips"},
{"name": "Evocheck GS700 Blood Glucose Test Strips", "price": "Rs.2,337.00", "url": "/collections/all/products/evocheck-gs700-blood-glucose-test-strips"},
{"name": "Evocheck GO Blood Glucose Monitor - Only Meter", "price": "Rs.2,125.00", "url": "/collections/all/products/evocheck-go-blood-glucose-monitor-only-meter"},
{"name": "ERLI PLUS  12.5/500MG TAB", "price": "Rs.315.00", "url": "/collections/all/products/erli-plus-xr-12-5-500mg-tab"},
{"name": "Omron RS1 BPM", "price": "Rs.10,432.00", "url": "/collections/all/products/omron-m1-basic"},
{"name": "Evocheck GM700S Blood Glucose Monitoring System - Only Meter", "price": "Rs.4,100.00", "url": "/collections/all/products/evocheck-gm700s-blood-glucose-monitoring-system-only-meter"},
{"name": "AD-D 10000IU Chewable Tablet", "price": "<span class=\"price\">\n              <span class=\"visually-hidden\">Sale priceRs.171.00", "url": "/collections/all/products/ad-d-10000iu-chewable-tablet"},
{"name": "AD-D 2000IU Chewable Tablet 30s", "price": "<span class=\"price\">\n              <span class=\"visually-hidden\">Sale priceRs.386.00", "url": "/collections/all/products/ad-d-2000iu-chewable-tablet-30s"},
{"name": "SPARLIV MEN 30 Tablets", "price": "<span class=\"price\">\n              <span class=\"visually-hidden\">Sale priceRs.765.00", "url": "/collections/all/products/sparliv-men-30-tablets"},
{"name": "Vible 30 Tablets", "price": "Rs.675.00", "url": "/collections/all/products/vible-30-tablets"},
{"name": "AIR CARE Dry Powder Inhaler Device", "price": "<span class=\"price\">\n              <span class=\"visually-hidden\">Sale priceRs.605.00", "url": "/collections/all/products/air-care-dry-powder-inhaler-device"},
{"name": "Anex M Tab 85/500mg", "price": "<span class=\"price\">\n              <span class=\"visually-hidden\">Sale priceRs.221.00", "url": "/collections/all/products/anex-m-tab-85-500mg"},
{"name": "Erlina Tab 25/5mg 14s", "price": "Rs.512.00", "url": "/collections/all/products/erlina-tab-25-5mg-14s"},
{"name": "Busonide Cap 200/6mcg 30s", "price": "Rs.267.00", "url": "/collections/all/products/busonide-cap-200-6mcg-30s"},
{"name": "Busonide Cap 400/12mcg 30s", "price": "<span class=\"price\">\n              <span class=\"visually-hidden\">Sale priceRs.480.00", "url": "/collections/all/products/busonide-cap-400-12mcg-30s"},
{"name": "Dipof 6/25mg Capsule", "price": "Rs.329.00", "url": "/collections/all/products/dipof-6-25mg-capsule"},
{"name": "Dipof 3/25mg Capsule", "price": "Rs.196.00", "url": "/collections/all/products/dipof-3-25mg-capsule"},
{"name": "Eglaro-S 5/100mg Tablet", "price": "<span class=\"price\">\n              <span class=\"visually-hidden\">Sale priceRs.425.00", "url": "/collections/all/products/eglaro-s-5-100mg-tablet"},
{"name": "Eglaro 15mg Tablet", "price": "<span class=\"price\">\n              <span class=\"visually-hidden\">Sale priceRs.381.00", "url": "/collections/all/products/eglaro-15mg-tablet"},
{"name": "Eglaro 5mg Tablet", "price": "<span class=\"price\">\n              <span class=\"visually-hidden\">Sale priceRs.309.00", "url": "/collections/all/products/eglaro-5mg-tablet"},
{"name": "ERLI PLUS 12.5/850MG TAB", "price": "Rs.315.00", "url": "/collections/all/products/erli-plus-xr-12-5-850mg-tab"},
{"name": "ERLI PLUS XR 10/1000MG TAB", "price": "<span class=\"price\">\n              <span class=\"visually-hidden\">Sale priceRs.315.00", "url": "/collections/all/products/erli-plus-xr-10-1000mg-tab"},
{"name": "Evokalm XR 200mg Tablet", "price": "<span class=\"price\">\n              <span class=\"visually-hidden\">Sale priceRs.504.00", "url": "/collections/all/products/evokalm-xr-200mg-tablet"},
{"name": "Evokalm  200mg Tablet", "price": "Rs.374.00", "url": "/collections/all/products/evokalm-200mg-tablet"},
{"name": "Evokalm  25mg Tablet", "price": "Rs.155.00", "url": "/collections/all/products/evokalm-25mg-tablet"},
{"name": "Evocheck Blood Pressure Monitor BPM 68", "price": "<span class=\"price\">\n              <span class=\"visually-hidden\">Sale priceRs.7,200.00", "url": "/collections/all/products/evocheck-blood-pressure-monitor-bpm-68"},
{"name": "Histalis 10mg Tablets", "price": "<span class=\"price\">\n              <span class=\"visually-hidden\">Sale priceRs.122.00", "url": "/collections/all/products/histalis-10mg-tablets"},
{"name": "Histalis 20mg Tablets", "price": "<span class=\"price\">\n              <span class=\"visually-hidden\">Sale priceRs.242.00", "url": "/collections/all/products/histalis-20mg-tablets"},
{"name": "Oxivort 20mg Tablet", "price": "<span class=\"price\">\n              <span class=\"visually-hidden\">Sale priceRs.548.00", "url": "/collections/all/products/oxivort-20mg-tablet"},
{"name": "Oxivort 10mg Tablet", "price": "<span class=\"price\">\n              <span class=\"visually-hidden\">Sale priceRs.298.00", "url": "/collections/all/products/oxivort-10mg-tablet"},
{"name": "PARIDOPA 125/31.25/200mg TAB", "price": "<span class=\"price\">\n              <span class=\"visually-hidden\">Sale priceRs.1,410.00", "url": "/collections/all/products/paridopa-125-31-25-200mg-tab"},
{"name": "PARIDOPA 150/37.5/200mg TAB", "price": "<span class=\"price\">\n              <span class=\"visually-hidden\">Sale priceRs.1,460.00", "url": "/collections/all/products/paridopa-150-37-5-200mg-tab"},
{"name": "Love beauty And planet shampoo 400mL", "price": "Rs.1,620.00", "url": "/collections/best-seller/products/love-beauty-and-planet-shampoo-400ml"},
{"name": "Shield Baby Diaper Super Bachat Pack Size New Born (Upto 5 KG) 50 Count", "price": "Rs.1,248.00", "url": "/collections/best-seller/products/shield-baby-diaper-super-bachat-pack-size-new-born-upto-5-kg-50-count"},
{"name": "Erli Plus  5/500mg Tablet Box", "price": "<span class=\"price\">\n              <span class=\"visually-hidden\">Sale priceRs.170.00", "url": "/collections/best-seller/products/erli-plus-5-500mg-tablet-box"},
{"name": "Erli Plus  5/850mg Tablet", "price": "<span class=\"price\">\n              <span class=\"visually-hidden\">Sale priceRs.170.00", "url": "/collections/best-seller/products/erli-plus-5-850mg-tablet"},
{"name": "Himalaya Detoxifying Charcoal  Face Wash 100ml", "price": "<span class=\"price\">\n              <span class=\"visually-hidden\">Sale priceRs.504.00", "url": "/collections/best-seller/products/himalaya-detoxifying-charcoal-face-wash-100ml"},
{"name": "Himalaya Detoxifying Charcoal  Face Wash 50ml", "price": "<span class=\"price\">\n              <span class=\"visually-hidden\">Sale priceRs.301.00", "url": "/collections/best-seller/products/himalaya-detoxifying-charcoal-face-wash-50ml"},
{"name": "Himalaya Detoxifying Charcoal  Face Wash 150ml", "price": "<span class=\"price\">\n              <span class=\"visually-hidden\">Sale priceRs.612.00", "url": "/collections/best-seller/products/himalaya-detoxifying-charcoal-face-wash-150ml"},
{"name": "Himalaya Purifying Neem Face Mask 75ml", "price": "<span class=\"price\">\n              <span class=\"visually-hidden\">Sale priceRs.450.00", "url": "/collections/best-seller/products/himalaya-purifying-neem-face-wash-75ml"},
{"name": "Himalaya Purifying Neem & Tea Tree Sheet Face Mask 30ml", "price": "<span class=\"price\">\n              <span class=\"visually-hidden\">Sale priceRs.540.00", "url": "/collections/best-seller/products/himalaya-purifying-neem-tea-tree-sheet-face-mask-30ml"},
{"name": "Eglaro-S 15/100mg Tablet", "price": "<span class=\"price\">\n              <span class=\"visually-hidden\">Sale priceRs.567.00", "url": "/collections/best-seller/products/eglaro-s-15-100mg-tablet"},
{"name": "OPT-D Oral/lm Ampoule 200,000 IU", "price": "<span class=\"price\">\n              <span class=\"visually-hidden\">Sale priceRs.140.00", "url": "/collections/best-seller/products/opt-d-oral-lm-ampoule-200-000-iu"},
{"name": "Zilfom 400mg", "price": "<span class=\"price\">\n              <span class=\"visually-hidden\">Sale priceRs.475.00", "url": "/collections/best-seller/products/zilfom-400mg"},
{"name": "Pepsi Soft Drink Pet Bottle 345ml 12 Pcs Carton Pack", "price": "Rs.648.00", "url": "/collections/pepsi/products/pepsi-soft-drink-pet-bottle-345ml-12-pcs-carton-pack"},
{"name": "Pepsi 1.5 Litre x 6pcs Case", "price": "Rs.972.00", "url": "/collections/pepsi/products/pepsi-1-5-litre-x-6pcs-case"},
{"name": "Pepsi Soft Drink  Bottles 2.25 Litre 4-Pcs Case", "price": "Rs.864.00", "url": "/collections/pepsi/products/pepsi-soft-drink-bottles-2-25-litre-4-pcs-case"},
{"name": "Pepsi Pet Bottles 2.25 litre", "price": "Rs.216.00", "url": "/collections/pepsi/products/pepsi-pet-bottles-2-25-litre"},
{"name": "Pepsi Pet Bottles 500 ml 12-Pcs Case", "price": "Rs.972.00", "url": "/collections/pepsi/products/pepsi-pet-bottles-500-ml-12-pcs-case"},
{"name": "Pepsi Soft Drink Can 250ml 12-Pcs Case", "price": "Rs.864.00", "url": "/collections/pepsi/products/pepsi-soft-drink-can-250ml-12-pcs-case"},
{"name": "Pepsi Slim Can 250 ml", "price": "Rs.72.00", "url": "/collections/pepsi/products/pepsi-slim-can-250-ml"},
{"name": "Pepsi Pet Bottles  500 ml", "price": "Rs.81.00", "url": "/collections/pepsi/products/pepsi-pet-bottles-500-ml"},
{"name": "Pepsi Bold Zero Sugar - 345ml", "price": "Rs.78.00", "url": "/collections/pepsi/products/pepsi-bold-345ml"},
{"name": "Pepsi Bold Zero Sugar - 250ml", "price": "Rs.78.00", "url": "/collections/pepsi/products/pepsi-bold-250ml"},
{"name": "Pepsi Bold Zero Sugar - 1.25ml", "price": "Rs.138.00", "url": "/collections/pepsi/products/pepsi-bold-1-25ml"},
{"name": "Pepsi Pet Bottles  345 ml", "price": "Rs.54.00", "url": "/collections/pepsi/products/pepsi-pet-bottles-345-ml"}
]