[
{"name": "Slice Mango Juice 200ml x 24pcs Case", "price": "972.00", "url": "https://qne.com.pk/collections/pepsico/products/slice-mango-juice-200ml-x-24pcs-case"},
{"name": "7up Soft Drink Pet Bottle 345ml 12 Pcs Carton Pack", "price": "648.00", "url": "https://qne.com.pk/collections/pepsico/products/7up-soft-drink-pet-bottle-345ml-12-pcs-carton-pack"},
{"name": "Pepsi Soft Drink Pet Bottle 345ml 12 Pcs Carton Pack", "price": "648.00", "url": "https://qne.com.pk/collections/pepsico/products/pepsi-soft-drink-pet-bottle-345ml-12-pcs-carton-pack"},
{"name": "Lays French Cheese Rs 20", "price": "18.00", "url": "https://qne.com.pk/collections/pepsico/products/lays-french-cheese-27-gm"},
{"name": "Lays Salted Potato Chips Rs 20", "price": "18.00", "url": "https://qne.com.pk/collections/pepsico/products/lays-salted-potato-chips-26-gm"},
{"name": "Mirinda Soft Drink Pet Bottle 345ml 12 Pcs Carton Pack", "price": "648.00", "url": "https://qne.com.pk/collections/pepsico/products/mirinda-soft-drink-pet-bottle-345ml-12-pcs-carton-pack"},
{"name": "Mountain Dew Soft Drink Pet Bottle 345ml 12 Pcs Carton", "price": "648.00", "url": "https://qne.com.pk/collections/pepsico/products/mountain-dew-soft-drink-pet-bottle-300-ml-12-pcs-carton"},
{"name": "Lays Wavy BBQ Rs 30", "price": "27.00", "url": "https://qne.com.pk/collections/pepsico/products/lays-wavy-bbq-35gm"},
{"name": "Lays Masala Chips Rs 20", "price": "18.00", "url": "https://qne.com.pk/collections/pepsico/products/lays-masala-chips-26gm-1"},
{"name": "Lays Paprika Chips 14gm", "price": "18.00", "url": "https://qne.com.pk/collections/pepsico/products/lays-paprika-chips-12gm"},
{"name": "Sting Berry Blast Pet Bottle 300 ml 12-Pcs Pack", "price": "750.00", "url": "https://qne.com.pk/collections/pepsico/products/sting-berry-blast-can-345-ml-12-pcs-pack"},
{"name": "Lays Paprika Chips Rs 30", "price": "27.00", "url": "https://qne.com.pk/collections/pepsico/products/lays-paprika-chips-25gm"},
{"name": "Lays Yogurt & Herbs Chips 23gm", "price": "27.00", "url": "https://qne.com.pk/collections/pepsico/products/lays-yogurt-herbs-chips-42gm"},
{"name": "Lays Wavy BBQ Chips Rs 60", "price": "54.00", "url": "https://qne.com.pk/collections/pepsico/products/lays-wavy-bbq-chips-64gm"},
{"name": "Lays French Cheese Chips Rs 30", "price": "27.00", "url": "https://qne.com.pk/collections/pepsico/products/lays-french-cheese-chips-39gm"},
{"name": "Lays Salt Chips 35gm", "price": "27.00", "url": "https://qne.com.pk/collections/pepsico/products/lays-salt-chips-40-gm"},
{"name": "Lays Masala Chips Rs 30", "price": "27.00", "url": "https://qne.com.pk/collections/pepsico/products/lays-masala-chips-39gm"},
{"name": "Slice Mango Juice 200 ml", "price": "40.00", "url": "https://qne.com.pk/collections/pepsico/products/slice-mango-juice-200-ml-v"},
{"name": "Lays Paprika Chips Rs 40", "price": "36.00", "url": "https://qne.com.pk/collections/pepsico/products/lays-paprika-chips-37gm"},
{"name": "7up Pet Bottle 345 ml", "price": "54.00", "url": "https://qne.com.pk/collections/pepsico/products/7up-pet-bottle-345-ml"},
{"name": "Pepsi Soft Drink  Bottles 2.25 Litre 4-Pcs Case", "price": "864.00", "url": "https://qne.com.pk/collections/pepsico/products/pepsi-soft-drink-bottles-2-25-litre-4-pcs-case"},
{"name": "Pepsi Pet Bottles 2.25 litre", "price": "216.00", "url": "https://qne.com.pk/collections/pepsico/products/pepsi-pet-bottles-2-25-litre"},
{"name": "Pepsi Pet Bottles 500 ml 12-Pcs Case", "price": "972.00", "url": "https://qne.com.pk/collections/pepsico/products/pepsi-pet-bottles-500-ml-12-pcs-case"},
{"name": "Pepsi Pet Bottles  345 ml", "price": "54.00", "url": "https://qne.com.pk/collections/pepsico/products/pepsi-pet-bottles-345-ml"},
{"name": "Lays Wavy Mexican Chilli Chips 21gm", "price": "27.00", "url": "https://qne.com.pk/collections/pepsico/products/lays-wavy-maxican-chilli-chips-34gm"},
{"name": "Lays Yougurt & Herb Chips 47 gm", "price": "54.00", "url": "https://qne.com.pk/collections/pepsico/products/lays-yougurt-herb-chips-42-gm"},
{"name": "Slice Mango Juice 1 Litre", "price": "135.00", "url": "https://qne.com.pk/collections/pepsico/products/slice-mango-juice-1-litre"},
{"name": "Slice Mango Juice 1 litre 6-Pcs Case", "price": "810.00", "url": "https://qne.com.pk/collections/pepsico/products/slice-mango-juice-1-litre-6-pcs-case"},
{"name": "Mirinda Pet Bottles 345 ml", "price": "54.00", "url": "https://qne.com.pk/collections/pepsico/products/mirinda-pet-bottles-345-ml"},
{"name": "Sting Berry Blast Pet Bottle 300 ml", "price": "62.00", "url": "https://qne.com.pk/collections/pepsico/products/sting-berry-blast-can-345-ml"},
{"name": "Lays French Cheese Chips Rs 60", "price": "54.00", "url": "https://qne.com.pk/collections/pepsico/products/lays-french-cheese-chips-70-gm"},
{"name": "Pepsi Pet Bottle 1.5 Litre", "price": "162.00", "url": "https://qne.com.pk/collections/pepsico/products/pepsi-pet-bottle-1-5-litre"},
{"name": "Lays Paprika Chips Rs 60", "price": "54.00", "url": "https://qne.com.pk/collections/pepsico/products/lays-paprika-chips-65gm"},
{"name": "Sting Berry Blast Pet Bottle 500 ml", "price": "97.00", "url": "https://qne.com.pk/collections/pepsico/products/sting-berry-blast-pet-bottle-500-ml"},
{"name": "Mirinda Pet Bottles  2.25 litre", "price": "216.00", "url": "https://qne.com.pk/collections/pepsico/products/mirinda-pet-bottles-2-25-litre"},
{"name": "Lays Salt Chips 47gm", "price": "54.00", "url": "https://qne.com.pk/collections/pepsico/products/lays-salt-chips-70-gm"},
{"name": "Mountain Dew Soft Drink  Bottles 2.25 Litre 4-Pcs Case", "price": "864.00", "url": "https://qne.com.pk/collections/pepsico/products/mountain-dew-soft-drink-bottles-2-25-litre-4-pcs-case"},
{"name": "Lays Yougurt & Herb Chips 53 Gms", "price": "36.00", "url": "https://qne.com.pk/collections/pepsico/products/lays-yougurt-herb-chips-53-gms"},
{"name": "Lays French Cheese Chips Rs 40", "price": "36.00", "url": "https://qne.com.pk/collections/pepsico/products/lays-french-cheese-chips-53-gms"},
{"name": "Mountain Dew Pet Bottles 2.25 Litre", "price": "216.00", "url": "https://qne.com.pk/collections/pepsico/products/mountain-dew-pet-bottles-2-25-litre"},
{"name": "Mirinda Soft Drink Bottles 2.25 Litre 4-Pcs Case", "price": "864.00", "url": "https://qne.com.pk/collections/pepsico/products/mirinda-soft-drink-bottles-2-25-litre-4-pcs-case"},
{"name": "Mountain Dew Pet Bottles 500 ml 12 Pcs", "price": "972.00", "url": "https://qne.com.pk/collections/pepsico/products/mountain-dew-pet-bottles-500-ml-12-pcs-with-free-dominos-voucher"},
{"name": "Cheetos Cheese Ocean Safari 28 gm", "price": "17.00", "url": "https://qne.com.pk/collections/pepsico/products/cheetos-cheese-ocean-safari-28-gm"},
{"name": "Mountain Dew Pet Bottles 300 ml", "price": "54.00", "url": "https://qne.com.pk/collections/pepsico/products/mountain-dew-pet-bottles-345-ml"},
{"name": "Slice Mango Juice 345 ml", "price": "54.00", "url": "https://qne.com.pk/collections/pepsico/products/slice-mango-juice-345-ml"},
{"name": "Sting Berry Blast Can 250 ml 12-Pcs Case", "price": "960.00", "url": "https://qne.com.pk/collections/pepsico/products/sting-berry-blast-can-250-ml-12-pcs-case"},
{"name": "CHEETOS CHIPS RED FLAMING HOT Rs 30", "price": "27.00", "url": "https://qne.com.pk/collections/pepsico/products/cheetos-chips-red-flaming-hot-32g"},
{"name": "Lays Masala Chips Rs 40", "price": "36.00", "url": "https://qne.com.pk/collections/pepsico/products/lays-masala-chips-53-gms"},
{"name": "Lays Wavy B.B.Q Chips 30gm", "price": "36.00", "url": "https://qne.com.pk/collections/pepsico/products/lays-wavy-b-b-q-chips-31-gm"},
{"name": "Lays Salt Chips Rs 40", "price": "36.00", "url": "https://qne.com.pk/collections/pepsico/products/lays-salt-chips-53-gms"},
{"name": "Pepsi Soft Drink Can 250ml 12-Pcs Case", "price": "864.00", "url": "https://qne.com.pk/collections/pepsico/products/pepsi-soft-drink-can-250ml-12-pcs-case"},
{"name": "Aquafina Mineral Water Pet Bottle 1.5 Litre", "price": "76.00", "url": "https://qne.com.pk/collections/pepsico/products/aquafina-mineral-water-pet-bottle-1-5-litre"},
{"name": "Sting Berry Blast Can 250 ml", "price": "79.00", "url": "https://qne.com.pk/collections/pepsico/products/sting-berry-blast-can-250-ml"},
{"name": "Mountain Dew Soft Drink Can 250ml 12-Pcs Case", "price": "864.00", "url": "https://qne.com.pk/collections/pepsico/products/mountain-dew-soft-drink-can-250ml-12-pcs-case-with-free-dominos-voucher"},
{"name": "Lays Salted Chips 140gm", "price": "90.00", "url": "https://qne.com.pk/collections/pepsico/products/lays-salted-chips-169gm"},
{"name": "Cheetos Ketchup  26 Gms", "price": "18.00", "url": "https://qne.com.pk/collections/pepsico/products/cheetos-ketchup-28-gms"},
{"name": "Lays Masala Chips Rs 80", "price": "72.00", "url": "https://qne.com.pk/collections/pepsico/products/lays-masala-chips-112-gms"},
{"name": "Mirinda Pet Bottles 500 ml 12 Pcs", "price": "972.00", "url": "https://qne.com.pk/collections/pepsico/products/mirinda-pet-bottles-500-ml-12-pcs-with-free-dominos-voucher"},
{"name": "Pepsi Slim Can 250 ml", "price": "72.00", "url": "https://qne.com.pk/collections/pepsico/products/pepsi-slim-can-250-ml"},
{"name": "7up Strawberry Lemonade Pet Bottle 345 ml", "price": "54.00", "url": "https://qne.com.pk/collections/pepsico/products/7up-strawberry-lemonade-pet-bottle-345-ml"},
{"name": "Lays Wavy BBQ Chips 80 GM", "price": "72.00", "url": "https://qne.com.pk/collections/pepsico/products/lays-wavy-b-b-q-chips-inactive"},
{"name": "Pepsi Pet Bottles  500 ml", "price": "81.00", "url": "https://qne.com.pk/collections/pepsico/products/pepsi-pet-bottles-500-ml"},
{"name": "Aquafina Mineral Water Bottle 1.5 Litre 6-Pcs Case", "price": "459.00", "url": "https://qne.com.pk/collections/pepsico/products/aquafina-mineral-water-pet-bottle-1-5-litre-6-pcs-case"},
{"name": "7up Soft Drink Can 250ml 12-Pcs Case", "price": "864.00", "url": "https://qne.com.pk/collections/pepsico/products/7up-soft-drink-can-250ml-12-pcs-case-with-free-dominos-voucher"},
{"name": "Mirinda Can 250ml 12-Pcs Case", "price": "864.00", "url": "https://qne.com.pk/collections/pepsico/products/mirinda-can-250ml-12-pcs-case-with-free-dominos-voucher"},
{"name": "Mountain Dew Pet Bottles 500 ml", "price": "81.00", "url": "https://qne.com.pk/collections/pepsico/products/mountain-dew-pet-bottles-500-ml"},
{"name": "7up Sugar Free Slim Can 250 ml", "price": "72.00", "url": "https://qne.com.pk/collections/pepsico/products/7up-free-slim-can-250-ml"},
{"name": "Lays Yougurt & Herb Chips 90 Gms", "price": "90.00", "url": "https://qne.com.pk/collections/pepsico/products/lays-yougurt-herb-chips-112-gms"},
{"name": "Mountain Dew Slim Can  250 ml", "price": "72.00", "url": "https://qne.com.pk/collections/pepsico/products/mountain-dew-slim-can-250-ml"},
{"name": "Lays French Cheese Rs 100", "price": "90.00", "url": "https://qne.com.pk/collections/pepsico/products/lays-french-cheese-155-gm"},
{"name": "Mirinda Pet Bottles 500 ml", "price": "81.00", "url": "https://qne.com.pk/collections/pepsico/products/mirinda-pet-bottles-500-ml"},
{"name": "Mirinda Slim Can  250 ml", "price": "72.00", "url": "https://qne.com.pk/collections/pepsico/products/mirinda-slim-can-250-ml"},
{"name": "7up Strawberry Lemonade Pet Bottle 345 ml 12-Pcs Case", "price": "648.00", "url": "https://qne.com.pk/collections/pepsico/products/7up-strawberry-lemonade-pet-bottle-345-ml-12-pcs-case"},
{"name": "Cheetos Red Flaming Hot Chips 74gm", "price": "45.00", "url": "https://qne.com.pk/collections/pepsico/products/cheetos-red-flaming-hot-chips-75gm"},
{"name": "Lays French Cheese Chips 67Gms", "price": "72.00", "url": "https://qne.com.pk/collections/pepsico/products/lays-french-cheese-chips-112-gms"},
{"name": "Lays Paprika Chips Rs 80", "price": "72.00", "url": "https://qne.com.pk/collections/pepsico/products/lays-paprika-chips-90gm"},
{"name": "Lays Yogurt & Herb Chips 67gm", "price": "72.00", "url": "https://qne.com.pk/collections/pepsico/products/lays-yogurt-herb-chips-65gm"},
{"name": "Cheetos Bites Rs 30", "url": "https://qne.com.pk/collections/pepsico/products/cheetos-bites-rs-30"},
{"name": "7up Slim Can 250 ml", "price": "72.00", "url": "https://qne.com.pk/collections/pepsico/products/7up-slim-can-250-ml"},
{"name": "Sting Blue Thunder Energy Drink 300ml", "url": "https://qne.com.pk/collections/pepsico/products/sting-blue-thunder-energy-drink-300ml"},
{"name": "Lays Salt Chips Rs 80", "price": "72.00", "url": "https://qne.com.pk/collections/pepsico/products/lays-salt-chips-45-gm"},
{"name": "Aquafina Mineral Water Pet Bottle 330 ml", "price": "25.00", "url": "https://qne.com.pk/collections/pepsico/products/aquafina-mineral-water-pet-bottle-330-ml"},
{"name": "Pepsi Bold Zero Sugar - 345ml", "price": "78.00", "url": "https://qne.com.pk/collections/pepsico/products/pepsi-bold-345ml"},
{"name": "Pepsi Bold Zero Sugar - 250ml", "price": "78.00", "url": "https://qne.com.pk/collections/pepsico/products/pepsi-bold-250ml"},
{"name": "Pepsi Bold Zero Sugar - 1.25ml", "price": "138.00", "url": "https://qne.com.pk/collections/pepsico/products/pepsi-bold-1-25ml"},
{"name": "Lays Chips Yogurt & Herb Rs 20", "price": "18.00", "url": "https://qne.com.pk/collections/pepsico/products/lays-chips-yogurt-herb-26gm"},
{"name": "Cheetos Bites Rs 20", "price": "18.00", "url": "https://qne.com.pk/collections/pepsico/products/cheetos-bites-16gms-pack"},
{"name": "Sting Berry Blast Pet Bottles 500 ml 12-Pcs Case", "price": "1,161.00", "url": "https://qne.com.pk/collections/pepsico/products/sting-berry-blast-pet-bottles-500-ml-12-pcs-case-with-free-dominos-voucher"},
{"name": "Pepsi 1.5 Litre x 6pcs Case", "price": "972.00", "url": "https://qne.com.pk/collections/pepsico/products/pepsi-1-5-litre-x-6pcs-case"},
{"name": "7up 1.5 Litre x 6pcs Case", "price": "972.00", "url": "https://qne.com.pk/collections/pepsico/products/7up-1-5-litre-x-6pcs-case"},
{"name": "Lays Wavy Flamin Hot Potato Chips 21gm", "price": "27.00", "url": "https://qne.com.pk/collections/pepsico/products/lays-wavy-flamin-hot-potato-chips-34gm"},
{"name": "7up Pet Bottle 2.25 Litre", "price": "216.00", "url": "https://qne.com.pk/collections/pepsico/products/7up-pet-bottle-2-25-litre"},
{"name": "7up Pet Bottles 500 ml 12 Pcs", "price": "972.00", "url": "https://qne.com.pk/collections/pepsico/products/7up-pet-bottles-500-ml-12-pcs-with-free-dominos-voucher"},
{"name": "Mirinda 1.5 litre Carton", "price": "972.00", "url": "https://qne.com.pk/collections/pepsico/products/mirinda-1-5-litre-carton"},
{"name": "Mountain Dew Soft Drink 1.5-Litre Bottle 6-Pcs Case", "price": "972.00", "url": "https://qne.com.pk/collections/pepsico/products/mountain-dew-soft-drink-1-5-litre-bottle-6-pcs-case-with-free-dominos-voucher"},
{"name": "Lays Wavy Mexican Chilli Chips Rs 80", "price": "72.00", "url": "https://qne.com.pk/collections/pepsico/products/lays-wavy-maxican-chilli-chips-60gm"},
{"name": "Aquafina Mineral Water Pet Bottle 500 ml 12-pcs Case", "price": "422.00", "url": "https://qne.com.pk/collections/pepsico/products/aquafina-mineral-water-pet-bottle-500-ml-12-pcs-case"},
{"name": "7up Soft Drink Bottles 2.25 Litre 4-Pcs Case", "price": "864.00", "url": "https://qne.com.pk/collections/pepsico/products/7up-soft-drink-bottles-2-25-litre-4-pcs-case"},
{"name": "Mountain Dew Soft Drink 1-Litre Bottle 6-Pcs Case", "price": "702.00", "url": "https://qne.com.pk/collections/pepsico/products/mountain-dew-soft-drink-1-litre-bottle-6-pcs-case-with-free-dominos-voucher"},
{"name": "7up Pet Bottle 1.5 Litre", "price": "162.00", "url": "https://qne.com.pk/collections/pepsico/products/7up-pet-bottle-1-5-litre"},
{"name": "Mirinda Pet Bottles 1.5 Litre", "price": "162.00", "url": "https://qne.com.pk/collections/pepsico/products/mirinda-pet-bottles-1-5-litre"},
{"name": "7up Pet Bottle 1 Litre", "price": "117.00", "url": "https://qne.com.pk/collections/pepsico/products/7up-pet-bottle-1-litre"},
{"name": "Lays Masala Chips Rs 60", "price": "54.00", "url": "https://qne.com.pk/collections/pepsico/products/lays-masala-chips-70-gm"},
{"name": "Mountain Dew Pet Bottles 1.5 Litre", "price": "162.00", "url": "https://qne.com.pk/collections/pepsico/products/mountain-dew-pet-bottles-1-5-litre"},
{"name": "7up Soft Drink 1-Litre Bottle 6-Pcs Case", "price": "702.00", "url": "https://qne.com.pk/collections/pepsico/products/7up-soft-drink-1-litre-bottle-6-pcs-case-with-free-dominos-voucher"},
{"name": "Mountain Dew Pet Bottles 1 Litre", "price": "117.00", "url": "https://qne.com.pk/collections/pepsico/products/mountain-dew-pet-bottles-1-litre"},
{"name": "Aquafina Mineral Water Pet Bottle 500 ml", "price": "35.00", "url": "https://qne.com.pk/collections/pepsico/products/aquafina-mineral-water-pet-bottle-500-ml"},
{"name": "Lays French Cheese Chips 140gm", "price": "90.00", "url": "https://qne.com.pk/collections/pepsico/products/lays-french-cheese-chips-145gm"},
{"name": "Mirinda Pet Bottles 1 litre", "price": "117.00", "url": "https://qne.com.pk/collections/pepsico/products/mirinda-pet-bottles-1-litre"},
{"name": "Pepsi Diet Slim Can 250 ml", "price": "72.00", "url": "https://qne.com.pk/collections/pepsico/products/pepsi-diet-slim-can-250-ml"},
{"name": "Mirinda Soft Drink 1-Litre Bottle 6-Pcs Case", "price": "702.00", "url": "https://qne.com.pk/collections/pepsico/products/mirinda-soft-drink-1-litre-bottle-6-pcs-case-with-free-dominos-voucher"},
{"name": "7UP Sugar Free Cold Drinks Can 300ml", "price": "45.00", "url": "https://qne.com.pk/collections/pepsico/products/7up-free-cold-drinks-300ml-can"},
{"name": "7up Pet Bottle 500 ml", "price": "81.00", "url": "https://qne.com.pk/collections/pepsico/products/7up-pet-bottle-500-ml"},
{"name": "Lays Chips Chili Rs 20", "price": "18.00", "url": "https://qne.com.pk/collections/pepsico/products/lays-chips-chili-17gm"},
{"name": "Gatorade Blue Bolt Energy Drink Pet Bottle 500ml Pk", "price": "84.00", "url": "https://qne.com.pk/collections/pepsico/products/gatorade-blue-bolt-energy-drink-pet-bottle-500ml-pk"},
{"name": "7up Soft Drink Can 300ml 12-Pcs Case", "price": "756.00", "url": "https://qne.com.pk/collections/pepsico/products/7up-soft-drink-can-300ml-12-pcs-case"},
{"name": "Cheetos Poppers Mirchi 12gms", "url": "https://qne.com.pk/collections/pepsico/products/cheetos-poppers-mirchi-12gms"},
{"name": "7up Soft Drink Sugar Free Can 300ml 12-Pcs Case", "price": "756.00", "url": "https://qne.com.pk/collections/pepsico/products/7up-soft-drink-sugar-free-can-300ml-12-pcs-case"},
{"name": "7up Strawberry Lemonade Pet Bottle 500 ml", "price": "81.00", "url": "https://qne.com.pk/collections/pepsico/products/7up-strawberry-lemonade-pet-bottle-500-ml"},
{"name": "Cheetos Shells Salt 35gm", "price": "27.00", "url": "https://qne.com.pk/collections/pepsico/products/cheetos-shells-salt-35gm"},
{"name": "Lays Masala Chips 90gm", "price": "90.00", "url": "https://qne.com.pk/collections/pepsico/products/lays-masala-chips-155-gm"},
{"name": "Gatorade Blue Bolt Energy Drink Pet Bottle 350ml", "price": "54.00", "url": "https://qne.com.pk/collections/pepsico/products/gatorade-blue-bolt-energy-drink-pet-bottle-350ml"},
{"name": "Pepsi Pet Bottles 1 Litre", "price": "118.00", "url": "https://qne.com.pk/collections/pepsico/products/pepsi-pet-bottles-1-litre"},
{"name": "Pepsi Can 300 ml 12-Pcs Case", "price": "756.00", "url": "https://qne.com.pk/collections/pepsico/products/pepsi-can-300-ml-12-pcs-case"},
{"name": "7up Can 300ml", "price": "54.00", "url": "https://qne.com.pk/collections/pepsico/products/7up-can-300ml"},
{"name": "7up Strawberry Lemonade Slim Can 250 ml", "price": "72.00", "url": "https://qne.com.pk/collections/pepsico/products/7up-strawberry-lemonade-slim-can-250-ml"},
{"name": "Pepsi Diet Can 300ml 12-Pcs Case", "price": "756.00", "url": "https://qne.com.pk/collections/pepsico/products/pepsi-diet-can-300ml-12-pcs-case"},
{"name": "Pepsi Diet Can 250ml 12-Pcs Case", "price": "702.00", "url": "https://qne.com.pk/collections/pepsico/products/pepsi-diet-can-250ml-12-pcs-case"},
{"name": "Gatorade Blue Bolt Energy Drink Pet Bottle 500ml 6-Pcs Case", "price": "508.00", "url": "https://qne.com.pk/collections/pepsico/products/gatorade-blue-bolt-energy-drink-pet-bottle-500ml-6-pcs-case"},
{"name": "Mirinda Can 300 ml", "price": "54.00", "url": "https://qne.com.pk/collections/pepsico/products/mirinda-can-300-ml"},
{"name": "Mirinda Can 300ml 12-Pcs Case", "price": "756.00", "url": "https://qne.com.pk/collections/pepsico/products/mirinda-can-300ml-12-pcs-case"},
{"name": "Lays Chips Chili Rs 60", "price": "54.00", "url": "https://qne.com.pk/collections/pepsico/products/lays-chips-chili-47gm"},
{"name": "Mountain Dew Soft Drink Can 300ml 12-Pcs Case", "price": "556.00", "url": "https://qne.com.pk/collections/pepsico/products/mountain-dew-soft-drink-can-300ml-12-pcs-case"},
{"name": "Gatorade White Lightning Energy Drink Pet Bottle 350ml", "price": "54.00", "url": "https://qne.com.pk/collections/pepsico/products/gatorade-white-lightning-energy-drink-pet-bottle-350ml"},
{"name": "7up Strawberry Lemonade Slim Can 250 ml 12-Pcs Case", "price": "864.00", "url": "https://qne.com.pk/collections/pepsico/products/7up-strawberry-lemonade-slim-can-250-ml-12-pcs-case"},
{"name": "Lays French Cheese Chips 90gm", "url": "https://qne.com.pk/collections/pepsico/products/lays-french-cheese-chips-90gm"},
{"name": "Gatorade White Lightning Energy Drink Pet Bottle 500ml Pk", "price": "84.00", "url": "https://qne.com.pk/collections/pepsico/products/gatorade-white-lightning-energy-drink-pet-bottle-500ml-pk"},
{"name": "Lays Wavy Flamin Hot Potato Chips 80gm", "url": "https://qne.com.pk/collections/pepsico/products/lays-wavy-cheese-23-gm"},
{"name": "Lays Salted Chips 14 gm", "price": "18.00", "url": "https://qne.com.pk/collections/pepsico/products/lays-salted-chips-14-gm"},
{"name": "Gatorade White Lightning Energy Drink Pet Bottle 500ml  6-Pcs Case", "price": "508.00", "url": "https://qne.com.pk/collections/pepsico/products/gatorade-white-lightning-energy-drink-pet-bottle-500ml-6-pcs-case"},
{"name": "Test i", "url": "https://qne.com.pk/collections/pepsico/products/test-i"},
{"name": "Slice Mango Juice 345 ml 12-Pcs Case", "url": "https://qne.com.pk/collections/pepsico/products/slice-mango-juice-345-ml-12-pcs-case-1"},
{"name": "Sting Blue Thunder Pet Bottle 300 ml 12-Pcs Pack", "url": "https://qne.com.pk/collections/pepsico/products/sting-blue-thunder-pet-bottle-300-ml-12-pcs-pack"},
{"name": "Aquafina Mineral Water Pet Bottle 330 ml 12-pcs Case", "price": "310.00", "url": "https://qne.com.pk/collections/pepsico/products/aquafina-mineral-water-pet-bottle-330-ml-12-pcs-case"},
{"name": "7up Strawberry Lemonade Pet Bottle 500 ml 12-Pcs Case", "price": "972.00", "url": "https://qne.com.pk/collections/pepsico/products/7up-strawberry-lemonade-pet-bottle-500-ml-12-pcs-case"}
]