[
{"name": "Slice Mango Juice 200ml x 24pcs Case", "price": "Rs.972.00", "url": "/collections/pepsico/products/slice-mango-juice-200ml-x-24pcs-case", "saveprice": "Rs.108.00"},
{"name": "7up Soft Drink Pet Bottle 345ml 12 Pcs Carton Pack", "price": "Rs.648.00", "url": "/collections/pepsico/products/7up-soft-drink-pet-bottle-345ml-12-pcs-carton-pack", "saveprice": "Rs.72.00"},
{"name": "Pepsi Soft Drink Pet Bottle 345ml 12 Pcs Carton Pack", "price": "Rs.648.00", "url": "/collections/pepsico/products/pepsi-soft-drink-pet-bottle-345ml-12-pcs-carton-pack", "saveprice": "Rs.72.00"},
{"name": "Lays French Cheese Rs 20", "price": "Rs.18.00", "url": "/collections/pepsico/products/lays-french-cheese-27-gm", "saveprice": "Rs.2.00"},
{"name": "Lays Salted Potato Chips Rs 20", "price": "Rs.18.00", "url": "/collections/pepsico/products/lays-salted-potato-chips-26-gm", "saveprice": "Rs.2.00"},
{"name": "Mirinda Soft Drink Pet Bottle 345ml 12 Pcs Carton Pack", "price": "Rs.648.00", "url": "/collections/pepsico/products/mirinda-soft-drink-pet-bottle-345ml-12-pcs-carton-pack", "saveprice": "Rs.72.00"},
{"name": "Mountain Dew Soft Drink Pet Bottle 345ml 12 Pcs Carton", "price": "Rs.648.00", "url": "/collections/pepsico/products/mountain-dew-soft-drink-pet-bottle-300-ml-12-pcs-carton", "saveprice": "Rs.72.00"},
{"name": "Lays Wavy BBQ Rs 30", "price": "Rs.27.00", "url": "/collections/pepsico/products/lays-wavy-bbq-35gm", "saveprice": "Rs.3.00"},
{"name": "Lays Masala Chips Rs 20", "price": "Rs.18.00", "url": "/collections/pepsico/products/lays-masala-chips-26gm-1", "saveprice": "Rs.2.00"},
{"name": "Lays Paprika Chips 14gm", "price": "Rs.18.00", "url": "/collections/pepsico/products/lays-paprika-chips-12gm", "saveprice": "Rs.2.00"},
{"name": "Sting Berry Blast Pet Bottle 300 ml 12-Pcs Pack", "price": "Rs.750.00", "url": "/collections/pepsico/products/sting-berry-blast-can-345-ml-12-pcs-pack", "saveprice": "Rs.30.00"},
{"name": "Lays Paprika Chips Rs 30", "price": "Rs.27.00", "url": "/collections/pepsico/products/lays-paprika-chips-25gm", "saveprice": "Rs.3.00"},
{"name": "Lays Yogurt & Herbs Chips 23gm", "price": "Rs.27.00", "url": "/collections/pepsico/products/lays-yogurt-herbs-chips-42gm", "saveprice": "Rs.3.00"},
{"name": "Lays Wavy BBQ Chips Rs 60", "price": "Rs.54.00", "url": "/collections/pepsico/products/lays-wavy-bbq-chips-64gm", "saveprice": "Rs.6.00"},
{"name": "Lays French Cheese Chips Rs 30", "price": "Rs.27.00", "url": "/collections/pepsico/products/lays-french-cheese-chips-39gm", "saveprice": "Rs.3.00"},
{"name": "Lays Salt Chips 35gm", "price": "Rs.27.00", "url": "/collections/pepsico/products/lays-salt-chips-40-gm", "saveprice": "Rs.3.00"},
{"name": "Lays Masala Chips Rs 30", "price": "Rs.27.00", "url": "/collections/pepsico/products/lays-masala-chips-39gm", "saveprice": "Rs.3.00"},
{"name": "Slice Mango Juice 200 ml", "price": "Rs.40.00", "url": "/collections/pepsico/products/slice-mango-juice-200-ml-v", "saveprice": "Rs.5.00"},
{"name": "Pepsi 1.5 Litre x 6pcs Case", "price": "Rs.972.00", "url": "/collections/pepsico/products/pepsi-1-5-litre-x-6pcs-case", "saveprice": "Rs.108.00"},
{"name": "Lays Paprika Chips Rs 40", "price": "Rs.36.00", "url": "/collections/pepsico/products/lays-paprika-chips-37gm", "saveprice": "Rs.4.00"},
{"name": "7up Pet Bottle 345 ml", "price": "Rs.54.00", "url": "/collections/pepsico/products/7up-pet-bottle-345-ml", "saveprice": "Rs.6.00"},
{"name": "Pepsi Soft Drink  Bottles 2.25 Litre 4-Pcs Case", "price": "Rs.864.00", "url": "/collections/pepsico/products/pepsi-soft-drink-bottles-2-25-litre-4-pcs-case", "saveprice": "Rs.96.00"},
{"name": "Pepsi Pet Bottles 500 ml 12-Pcs Case", "price": "Rs.972.00", "url": "/collections/pepsico/products/pepsi-pet-bottles-500-ml-12-pcs-case", "saveprice": "Rs.108.00"},
{"name": "Pepsi Pet Bottles  345 ml", "price": "Rs.54.00", "url": "/collections/pepsico/products/pepsi-pet-bottles-345-ml", "saveprice": "Rs.6.00"},
{"name": "Lays Wavy Mexican Chilli Chips 21gm", "price": "Rs.27.00", "url": "/collections/pepsico/products/lays-wavy-maxican-chilli-chips-34gm", "saveprice": "Rs.3.00"},
{"name": "Lays Yougurt & Herb Chips 47 gm", "price": "Rs.54.00", "url": "/collections/pepsico/products/lays-yougurt-herb-chips-42-gm", "saveprice": "Rs.6.00"},
{"name": "Slice Mango Juice 1 Litre", "price": "Rs.135.00", "url": "/collections/pepsico/products/slice-mango-juice-1-litre", "saveprice": "Rs.15.00"},
{"name": "Slice Mango Juice 1 litre 6-Pcs Case", "price": "Rs.810.00", "url": "/collections/pepsico/products/slice-mango-juice-1-litre-6-pcs-case", "saveprice": "Rs.90.00"},
{"name": "Mirinda Pet Bottles 345 ml", "price": "Rs.54.00", "url": "/collections/pepsico/products/mirinda-pet-bottles-345-ml", "saveprice": "Rs.6.00"},
{"name": "Sting Berry Blast Pet Bottle 300 ml", "price": "Rs.62.00", "url": "/collections/pepsico/products/sting-berry-blast-can-345-ml", "saveprice": "Rs.3.00"},
{"name": "Lays French Cheese Chips Rs 60", "price": "Rs.54.00", "url": "/collections/pepsico/products/lays-french-cheese-chips-70-gm", "saveprice": "Rs.6.00"},
{"name": "Lays Paprika Chips Rs 60", "price": "Rs.54.00", "url": "/collections/pepsico/products/lays-paprika-chips-65gm", "saveprice": "Rs.6.00"},
{"name": "Sting Berry Blast Pet Bottle 500 ml", "price": "Rs.97.00", "url": "/collections/pepsico/products/sting-berry-blast-pet-bottle-500-ml", "saveprice": "Rs.3.00"},
{"name": "Mirinda Pet Bottles  2.25 litre", "price": "Rs.216.00", "url": "/collections/pepsico/products/mirinda-pet-bottles-2-25-litre", "saveprice": "Rs.24.00"},
{"name": "Mountain Dew Soft Drink  Bottles 2.25 Litre 4-Pcs Case", "price": "Rs.864.00", "url": "/collections/pepsico/products/mountain-dew-soft-drink-bottles-2-25-litre-4-pcs-case", "saveprice": "Rs.96.00"},
{"name": "Lays Salt Chips 47gm", "price": "Rs.54.00", "url": "/collections/pepsico/products/lays-salt-chips-70-gm", "saveprice": "Rs.6.00"},
{"name": "Lays Yougurt & Herb Chips 53 Gms", "price": "Rs.36.00", "url": "/collections/pepsico/products/lays-yougurt-herb-chips-53-gms", "saveprice": "Rs.4.00"},
{"name": "Lays French Cheese Chips Rs 40", "price": "Rs.36.00", "url": "/collections/pepsico/products/lays-french-cheese-chips-53-gms", "saveprice": "Rs.4.00"},
{"name": "Mountain Dew Pet Bottles 2.25 Litre", "price": "Rs.216.00", "url": "/collections/pepsico/products/mountain-dew-pet-bottles-2-25-litre", "saveprice": "Rs.24.00"},
{"name": "Mirinda Soft Drink Bottles 2.25 Litre 4-Pcs Case", "price": "Rs.864.00", "url": "/collections/pepsico/products/mirinda-soft-drink-bottles-2-25-litre-4-pcs-case", "saveprice": "Rs.96.00"},
{"name": "Mountain Dew Pet Bottles 500 ml 12 Pcs", "price": "Rs.972.00", "url": "/collections/pepsico/products/mountain-dew-pet-bottles-500-ml-12-pcs-with-free-dominos-voucher", "saveprice": "Rs.108.00"},
{"name": "Mountain Dew Pet Bottles 300 ml", "price": "Rs.54.00", "url": "/collections/pepsico/products/mountain-dew-pet-bottles-345-ml", "saveprice": "Rs.6.00"},
{"name": "Slice Mango Juice 345 ml", "price": "Rs.54.00", "url": "/collections/pepsico/products/slice-mango-juice-345-ml", "saveprice": "Rs.6.00"},
{"name": "Cheetos Cheese Ocean Safari 28 gm", "price": "Rs.17.00", "url": "/collections/pepsico/products/cheetos-cheese-ocean-safari-28-gm", "saveprice": "Rs.3.00"},
{"name": "Sting Berry Blast Can 250 ml 12-Pcs Case", "price": "Rs.960.00", "url": "/collections/pepsico/products/sting-berry-blast-can-250-ml-12-pcs-case", "saveprice": "Rs.60.00"},
{"name": "Lays Salt Chips Rs 40", "price": "Rs.36.00", "url": "/collections/pepsico/products/lays-salt-chips-53-gms", "saveprice": "Rs.4.00"},
{"name": "Lays Masala Chips Rs 40", "price": "Rs.36.00", "url": "/collections/pepsico/products/lays-masala-chips-53-gms", "saveprice": "Rs.4.00"},
{"name": "CHEETOS CHIPS RED FLAMING HOT Rs 30", "price": "Rs.27.00", "url": "/collections/pepsico/products/cheetos-chips-red-flaming-hot-32g", "saveprice": "Rs.3.00"},
{"name": "Aquafina Mineral Water Pet Bottle 500 ml", "price": "Rs.35.00", "url": "/collections/pepsico/products/aquafina-mineral-water-pet-bottle-500-ml", "saveprice": "Rs.5.00"},
{"name": "Pepsi Soft Drink Can 250ml 12-Pcs Case", "price": "Rs.864.00", "url": "/collections/pepsico/products/pepsi-soft-drink-can-250ml-12-pcs-case", "saveprice": "Rs.96.00"},
{"name": "Lays Wavy B.B.Q Chips 30gm", "price": "Rs.36.00", "url": "/collections/pepsico/products/lays-wavy-b-b-q-chips-31-gm", "saveprice": "Rs.4.00"},
{"name": "Aquafina Mineral Water Pet Bottle 1.5 Litre", "price": "Rs.76.00", "url": "/collections/pepsico/products/aquafina-mineral-water-pet-bottle-1-5-litre", "saveprice": "Rs.9.00"},
{"name": "Sting Berry Blast Can 250 ml", "price": "Rs.79.00", "url": "/collections/pepsico/products/sting-berry-blast-can-250-ml", "saveprice": "Rs.6.00"},
{"name": "Mountain Dew Soft Drink Can 250ml 12-Pcs Case", "price": "Rs.864.00", "url": "/collections/pepsico/products/mountain-dew-soft-drink-can-250ml-12-pcs-case-with-free-dominos-voucher", "saveprice": "Rs.96.00"},
{"name": "Lays Salted Chips 140gm", "price": "Rs.90.00", "url": "/collections/pepsico/products/lays-salted-chips-169gm", "saveprice": "Rs.10.00"},
{"name": "Cheetos Ketchup  26 Gms", "price": "Rs.18.00", "url": "/collections/pepsico/products/cheetos-ketchup-28-gms", "saveprice": "Rs.2.00"},
{"name": "Mirinda Pet Bottles 500 ml 12 Pcs", "price": "Rs.972.00", "url": "/collections/pepsico/products/mirinda-pet-bottles-500-ml-12-pcs-with-free-dominos-voucher", "saveprice": "Rs.108.00"},
{"name": "Lays Masala Chips Rs 80", "price": "Rs.72.00", "url": "/collections/pepsico/products/lays-masala-chips-112-gms", "saveprice": "Rs.8.00"},
{"name": "7up Strawberry Lemonade Pet Bottle 345 ml", "price": "Rs.54.00", "url": "/collections/pepsico/products/7up-strawberry-lemonade-pet-bottle-345-ml", "saveprice": "Rs.6.00"},
{"name": "Lays Wavy BBQ Chips 80 GM", "price": "Rs.72.00", "url": "/collections/pepsico/products/lays-wavy-b-b-q-chips-inactive", "saveprice": "Rs.8.00"},
{"name": "Pepsi Slim Can 250 ml", "price": "Rs.72.00", "url": "/collections/pepsico/products/pepsi-slim-can-250-ml", "saveprice": "Rs.8.00"},
{"name": "Pepsi Pet Bottles  500 ml", "price": "Rs.81.00", "url": "/collections/pepsico/products/pepsi-pet-bottles-500-ml", "saveprice": "Rs.9.00"},
{"name": "Aquafina Mineral Water Bottle 1.5 Litre 6-Pcs Case", "price": "Rs.459.00", "url": "/collections/pepsico/products/aquafina-mineral-water-pet-bottle-1-5-litre-6-pcs-case", "saveprice": "Rs.51.00"},
{"name": "7up Soft Drink Can 250ml 12-Pcs Case", "price": "Rs.864.00", "url": "/collections/pepsico/products/7up-soft-drink-can-250ml-12-pcs-case-with-free-dominos-voucher", "saveprice": "Rs.96.00"},
{"name": "Mirinda Can 250ml 12-Pcs Case", "price": "Rs.864.00", "url": "/collections/pepsico/products/mirinda-can-250ml-12-pcs-case-with-free-dominos-voucher", "saveprice": "Rs.96.00"},
{"name": "7up Sugar Free Slim Can 250 ml", "price": "Rs.72.00", "url": "/collections/pepsico/products/7up-free-slim-can-250-ml", "saveprice": "Rs.8.00"},
{"name": "Lays Yougurt & Herb Chips 90 Gms", "price": "Rs.90.00", "url": "/collections/pepsico/products/lays-yougurt-herb-chips-112-gms", "saveprice": "Rs.10.00"},
{"name": "Mountain Dew Slim Can  250 ml", "price": "Rs.72.00", "url": "/collections/pepsico/products/mountain-dew-slim-can-250-ml", "saveprice": "Rs.8.00"},
{"name": "Lays French Cheese Rs 100", "price": "Rs.90.00", "url": "/collections/pepsico/products/lays-french-cheese-155-gm", "saveprice": "Rs.10.00"},
{"name": "Mirinda Slim Can  250 ml", "price": "Rs.72.00", "url": "/collections/pepsico/products/mirinda-slim-can-250-ml", "saveprice": "Rs.8.00"},
{"name": "7up Strawberry Lemonade Pet Bottle 345 ml 12-Pcs Case", "price": "Rs.648.00", "url": "/collections/pepsico/products/7up-strawberry-lemonade-pet-bottle-345-ml-12-pcs-case", "saveprice": "Rs.72.00"},
{"name": "Lays French Cheese Chips 67Gms", "price": "Rs.72.00", "url": "/collections/pepsico/products/lays-french-cheese-chips-112-gms", "saveprice": "Rs.8.00"},
{"name": "Cheetos Red Flaming Hot Chips 74gm", "price": "Rs.45.00", "url": "/collections/pepsico/products/cheetos-red-flaming-hot-chips-75gm", "saveprice": "Rs.5.00"},
{"name": "Lays Paprika Chips Rs 80", "price": "Rs.72.00", "url": "/collections/pepsico/products/lays-paprika-chips-90gm", "saveprice": "Rs.8.00"},
{"name": "Lays Yogurt & Herb Chips 67gm", "price": "Rs.72.00", "url": "/collections/pepsico/products/lays-yogurt-herb-chips-65gm", "saveprice": "Rs.8.00"}
]